file,scope,full_manual_review,limits,sha256
src/app/(tabs)/_layout.tsx,SOURCE_INVENTORY,UNVERIFIED,Inventory and hash only; not an assertion of full manual file review,e2c3915a40eaf1d960a8d6c4863dc5ac401c3cc6c8125971bb5e5bc4167168ca
src/app/(tabs)/plan.tsx,SOURCE_INVENTORY,UNVERIFIED,Inventory and hash only; not an assertion of full manual file review,ee61523806963c69134d963018109c1c15d7b3dbf98202710d6b99f34ade6d61
src/app/(tabs)/profile.tsx,SOURCE_INVENTORY,UNVERIFIED,Inventory and hash only; not an assertion of full manual file review,9248de89fe9d3d6f48d7bb527ed75c49348f07a948779000f7c95f27d39bcf8d
src/app/(tabs)/progress.tsx,SOURCE_INVENTORY,UNVERIFIED,Inventory and hash only; not an assertion of full manual file review,30c9ec009210e3e3c2393aee1117f5d4fd3fa84b4d1a4c5f02383d4c692931b7
src/app/(tabs)/scan.tsx,SOURCE_INVENTORY,UNVERIFIED,Inventory and hash only; not an assertion of full manual file review,a33032babeff3cffb9465bbe7df263e411198882f5a9e256683cd32ede187182
src/app/(tabs)/today.tsx,SOURCE_INVENTORY,UNVERIFIED,Inventory and hash only; not an assertion of full manual file review,3cd73dbb2e191aee3946e6bdf347318a266b9e7109b41b03477f388cacddf9c1
src/app/_layout.tsx,SOURCE_INVENTORY,UNVERIFIED,Inventory and hash only; not an assertion of full manual file review,ccd2658874e2f9f6f24a6ce21888784a0455f54dca54e8307003827946d7ba3e
src/app/account-deletion.tsx,SOURCE_INVENTORY,UNVERIFIED,Inventory and hash only; not an assertion of full manual file review,c5a6b747c66be2e027f50b22e0223c447f8290fad30a3ac45ecb46d258455a28
src/app/analyzing.tsx,SOURCE_INVENTORY,UNVERIFIED,Inventory and hash only; not an assertion of full manual file review,76b2ea9a3695f60c6629c566a22a147193cd0624e25fec7ad1dd62845b7a4b77
src/app/confirm.tsx,SOURCE_INVENTORY,UNVERIFIED,Inventory and hash only; not an assertion of full manual file review,a023d6516d05b669492442a70397f854a0f05f299bc523467e74af5d55398bc0
src/app/correct-food.tsx,SOURCE_INVENTORY,UNVERIFIED,Inventory and hash only; not an assertion of full manual file review,e34fa0cf8b2513ded9261bcbb4b042ef43604af970750ec45fcc653d40843f3d
src/app/data-consent.tsx,SOURCE_INVENTORY,UNVERIFIED,Inventory and hash only; not an assertion of full manual file review,9a7a710bde2b92fa3ece31e2371e44b1058e20b16d9abd6a208f9d15eb846da4
src/app/evening.tsx,SOURCE_INVENTORY,UNVERIFIED,Inventory and hash only; not an assertion of full manual file review,04ee234d3781a487e2d62f73fb8dbf8a7834e7d40c26fdb86d4c81e224e564e6
src/app/index.tsx,SOURCE_INVENTORY,UNVERIFIED,Inventory and hash only; not an assertion of full manual file review,b8f51af526736eaaf36cf6f3dc074793eaf561efcd5e093fd95c98079eb95d70
src/app/onboarding.tsx,SOURCE_INVENTORY,UNVERIFIED,Inventory and hash only; not an assertion of full manual file review,7492c83bc68d9248d23ca826522ef06fe62f4d320341aa6366b0aa7fb8f6d80d
src/app/paywall.tsx,SOURCE_INVENTORY,UNVERIFIED,Inventory and hash only; not an assertion of full manual file review,db4a31152c9068d33b57e0af5f301bb74e652021aea4b29ccd286c58ae92cf0e
src/app/privacy.tsx,SOURCE_INVENTORY,UNVERIFIED,Inventory and hash only; not an assertion of full manual file review,b8dd9ce9e8fdbdcd5cd9337195a07b11476854748b7517e745861849df2f1ddf
src/app/recipe.tsx,SOURCE_INVENTORY,UNVERIFIED,Inventory and hash only; not an assertion of full manual file review,2531258bff3976ff36b6b7664811a1ed2a6885054e201cb811caf2bd6ced3476
src/app/result.tsx,SOURCE_INVENTORY,UNVERIFIED,Inventory and hash only; not an assertion of full manual file review,ecf8ac7684f1ea4e3892525ad68c0700a3f0f906aa9a80b610f6dd61599478b7
src/app/sources.tsx,SOURCE_INVENTORY,UNVERIFIED,Inventory and hash only; not an assertion of full manual file review,c17ea19b092ce9de8189005c6ff1d924273e1729baaa1b7a960c9ade2538872c
src/app/terms.tsx,SOURCE_INVENTORY,UNVERIFIED,Inventory and hash only; not an assertion of full manual file review,c46df8212c61d0303f228a49fba75f5308e3ec060ae61d779c4ad2584bafad97
src/components/AccountLinkCard.tsx,SOURCE_INVENTORY,UNVERIFIED,Inventory and hash only; not an assertion of full manual file review,aa2e070e7750c14bf7ff45cdf240de5c967236e7bb67e5afa774723136001715
src/components/AppErrorBoundary.tsx,SOURCE_INVENTORY,UNVERIFIED,Inventory and hash only; not an assertion of full manual file review,ddcff178959e6812d11b6eb26cb3b5a055d4fc43500b5b45a82cadecd6e8bad6
src/components/AppRouteGuard.tsx,SOURCE_INVENTORY,UNVERIFIED,Inventory and hash only; not an assertion of full manual file review,bbbd32ce7e2f36eb4811168f088108820f0b9e6a601eba3870f7619e0d949d7e
src/components/CalorieRing.tsx,SOURCE_INVENTORY,UNVERIFIED,Inventory and hash only; not an assertion of full manual file review,813edbcf7c5328590712ecec325f884f29e98aa8554a6119134667c02b3e69ae
src/components/KandroMark.tsx,SOURCE_INVENTORY,UNVERIFIED,Inventory and hash only; not an assertion of full manual file review,8600bdde106739faaa235af26da70bba58d91ed2cba2409f2f37284e9a2699e9
src/components/LegalDocument.tsx,SOURCE_INVENTORY,UNVERIFIED,Inventory and hash only; not an assertion of full manual file review,5c6cbe4963a7e589b45c1c02999e8a44f0fe982ca5080671952e547d056b2510
src/components/MealDetailSheet.tsx,SOURCE_INVENTORY,UNVERIFIED,Inventory and hash only; not an assertion of full manual file review,7625ee17f0286e00293c60d49ca03e720a85477f24d1d3a485618724d8de23bc
src/components/PlanBuilder.tsx,SOURCE_INVENTORY,UNVERIFIED,Inventory and hash only; not an assertion of full manual file review,9fac2353d498055104be93de4b0d60f0b1e5ac6c48f46e1b30f69a78bec3f98e
src/components/PortionSheet.tsx,SOURCE_INVENTORY,UNVERIFIED,Inventory and hash only; not an assertion of full manual file review,5532efa19fe0684f8f342a1bcf8d7d1cf252de6d1d72f918a4321c69a31e02c3
src/components/ReminderScheduler.tsx,SOURCE_INVENTORY,UNVERIFIED,Inventory and hash only; not an assertion of full manual file review,6131abc3cfc21f7c56282d338dad865192e424d1375f12557219e562059b4553
src/components/ui.tsx,SOURCE_INVENTORY,UNVERIFIED,Inventory and hash only; not an assertion of full manual file review,558938ccaac20595c45881c86e6147f76df7e1a9b8c49477eb0313b4572c5d40
src/constants/layout.ts,SOURCE_INVENTORY,UNVERIFIED,Inventory and hash only; not an assertion of full manual file review,2987aea9bb63ea1d701c8c7334d7e4df36ba78c56bb27719064ecad84f112e7b
src/constants/legal.ts,SOURCE_INVENTORY,UNVERIFIED,Inventory and hash only; not an assertion of full manual file review,57cee6603e7e68db175e5e0c3fadecef6564a5bcfcb2f6622a1343bff6c2b894
src/constants/product.ts,SOURCE_INVENTORY,UNVERIFIED,Inventory and hash only; not an assertion of full manual file review,b91ea6b24df149008c3946cf96912b011afc6bcd5f5986a6b8fca37c0a887c36
src/constants/theme.ts,SOURCE_INVENTORY,UNVERIFIED,Inventory and hash only; not an assertion of full manual file review,28b5d6896613e98d950785364c5eed855efe609e595aa7954031710bc740b87c
src/context/AppContext.tsx,SOURCE_INVENTORY,UNVERIFIED,Inventory and hash only; not an assertion of full manual file review,a9898a2c51c36d2005f088d4375993ed8b09f13e105eae4e88a681c4b6009991
src/context/SubscriptionContext.tsx,SOURCE_INVENTORY,UNVERIFIED,Inventory and hash only; not an assertion of full manual file review,555a99e86379c4f90f89245f0972feca3632880be20eefa2ffa9eaca7b09fa86
src/context/ThemeContext.tsx,SOURCE_INVENTORY,UNVERIFIED,Inventory and hash only; not an assertion of full manual file review,cc1b72dfa6a3e99f4c551de617c216873b803c09cd1071ec17bb2a9ac55b9eb8
src/hooks/useLocalDay.ts,SOURCE_INVENTORY,UNVERIFIED,Inventory and hash only; not an assertion of full manual file review,98a2dc2b2eb15254e25996ed9a06e04ee5d25d858cdec3d37dc2e85bd85972bf
src/hooks/useReducedMotion.ts,SOURCE_INVENTORY,UNVERIFIED,Inventory and hash only; not an assertion of full manual file review,48ae534e8ad73dc9e04061f2caabbc60577252bd670fc78c9ab12d202621219f
src/i18n/LanguageProvider.tsx,SOURCE_INVENTORY,UNVERIFIED,Inventory and hash only; not an assertion of full manual file review,9a2e03be9c30e541826673c7a54be5678e98f3c0bde158663d8de8af5bbd86ff
src/i18n/active.ts,SOURCE_INVENTORY,UNVERIFIED,Inventory and hash only; not an assertion of full manual file review,58c1da014aacf731d5c036de91ac22c28058aecbba00c6dc67e8b7e3b2c88ca9
src/i18n/de.ts,SOURCE_INVENTORY,UNVERIFIED,Inventory and hash only; not an assertion of full manual file review,5f3f4a419db84fd92a8298267b4a97aa8b13f8d0d4a8aae144e1926d30e03a31
src/i18n/en.ts,SOURCE_INVENTORY,UNVERIFIED,Inventory and hash only; not an assertion of full manual file review,62f13211be10d9a7f5c948a234b5ebe4c7a008963ae36513d4a740504454c6d3
src/i18n/index.ts,SOURCE_INVENTORY,UNVERIFIED,Inventory and hash only; not an assertion of full manual file review,91e9a2fc35ea5b9ed4230d328590d2d6a7b0c4bccfa9a7dd6583df07c1d2d134
src/i18n/legal.de.ts,SOURCE_INVENTORY,UNVERIFIED,Inventory and hash only; not an assertion of full manual file review,4749c8257bc518e2b8a8b8c0a9158a7afa1258d36e828ff1c7f7af96c6c8ba5d
src/i18n/legal.en.ts,SOURCE_INVENTORY,UNVERIFIED,Inventory and hash only; not an assertion of full manual file review,a3cc4f8f17e51120889b5f6ce5d7a880b505424a41c777e2a11f19877cdd3d95
src/services/accountDeletion.ts,SOURCE_INVENTORY,UNVERIFIED,Inventory and hash only; not an assertion of full manual file review,fceb9455ed1827498c4970f63dbc81140acc8b4bc56fecff4dd392ebc8c35dc5
src/services/accountLinking.ts,SOURCE_INVENTORY,UNVERIFIED,Inventory and hash only; not an assertion of full manual file review,7177f75628285991bce4b538cde40fd937120c28d7b43cdc9b2f556b8bcedec5
src/services/cloudRepository.ts,SOURCE_INVENTORY,UNVERIFIED,Inventory and hash only; not an assertion of full manual file review,7ffd5150aff05a617baadf7560fd7b1bf4a82e37e385d95c27a8831fb8b759d2
src/services/consent.ts,SOURCE_INVENTORY,UNVERIFIED,Inventory and hash only; not an assertion of full manual file review,b914a27b7004b8fa639424e6cd2b23e8037c22b5f2d41d5ff42dc3da8fe4e8f2
src/services/consistency.ts,SOURCE_INVENTORY,UNVERIFIED,Inventory and hash only; not an assertion of full manual file review,b99a5ec719554c5059afba70addd92fd5f349f555b4222d85e26adb945294d21
src/services/contracts.ts,SOURCE_INVENTORY,UNVERIFIED,Inventory and hash only; not an assertion of full manual file review,208a192680cef39b34c557f4e0a0296579ab855046f4c1bd5aba6c116a97e404
src/services/entitlementConfirmation.ts,SOURCE_INVENTORY,UNVERIFIED,Inventory and hash only; not an assertion of full manual file review,c57bd4b14563327697f12128d7dc735f8111c525b44e8f4c8a42595891f69946
src/services/guardianConsent.ts,SOURCE_INVENTORY,UNVERIFIED,Inventory and hash only; not an assertion of full manual file review,d4d3c0e8f9259863a4d9bfe922756fe0919975d84d93152469d67f3be76b92ea
src/services/haptics.ts,SOURCE_INVENTORY,UNVERIFIED,Inventory and hash only; not an assertion of full manual file review,bf9c092cb49753043325ab68b56bd713395b686944d4586bb1046f49940c7a09
src/services/localRepository.ts,SOURCE_INVENTORY,UNVERIFIED,Inventory and hash only; not an assertion of full manual file review,e4a9865f04b7adb53ddc6b9e05ea8ff53be6bc078435580087251876d8bfaa7a
src/services/mealAnalysis.ts,SOURCE_INVENTORY,UNVERIFIED,Inventory and hash only; not an assertion of full manual file review,74c44d21e7436a5e85ab7f7e65d05c9853b534e40ffb63eb1c197b9f82086b17
src/services/mockNutrition.ts,SOURCE_INVENTORY,UNVERIFIED,Inventory and hash only; not an assertion of full manual file review,e9f5e638a7d07d3a0a0abbdf70ecff4a24f08a2f50a9ce34431d3163296c37a1
src/services/personalization.ts,SOURCE_INVENTORY,UNVERIFIED,Inventory and hash only; not an assertion of full manual file review,cf4dd335bb2d5c4c16f03c20b65357b6f94b17dbd0ed0988b546c30467026c76
src/services/recipes.ts,SOURCE_INVENTORY,UNVERIFIED,Inventory and hash only; not an assertion of full manual file review,d495e4214d40f437c7638ecef408af9acb461a7406cf7010338d71529f854d6c
src/services/recommendations.ts,SOURCE_INVENTORY,UNVERIFIED,Inventory and hash only; not an assertion of full manual file review,9a3f25fc2aeefea0582841a4a765c04d495d80893e2a57444349f50f57e6517b
src/services/reminders.ts,SOURCE_INVENTORY,UNVERIFIED,Inventory and hash only; not an assertion of full manual file review,1799b8bec77d574b0f0347a080fc80088eac7e5a305d70db00125305f5cefed6
src/services/repeatMeals.ts,SOURCE_INVENTORY,UNVERIFIED,Inventory and hash only; not an assertion of full manual file review,c8259094cce1e7f3604b9c1f0c9df3dd174a402fee6e29a8bb6605be066ef72d
src/services/serverEntitlement.ts,SOURCE_INVENTORY,UNVERIFIED,Inventory and hash only; not an assertion of full manual file review,9cce9c9fcaa2d198b03cf40ec2ed74c064f46705abc1cd24c7a271848684fd07
src/services/subscription.ts,SOURCE_INVENTORY,UNVERIFIED,Inventory and hash only; not an assertion of full manual file review,c08a1ca29d089ddfa02679baf9a0e3c3450229a4473c437d21534b9e882cce38
src/services/supabaseClient.ts,SOURCE_INVENTORY,UNVERIFIED,Inventory and hash only; not an assertion of full manual file review,d8300021dff27cac6ebe3bd0c00a71601f38fefe9a9f3d1254ef560047a94e55
src/services/syncRepository.ts,SOURCE_INVENTORY,UNVERIFIED,Inventory and hash only; not an assertion of full manual file review,2de87be5cd9b35c98221a1a7ba8b015e6fe24725347e5b99c4bac1cfd1c5fb7b
src/services/telemetry.ts,SOURCE_INVENTORY,UNVERIFIED,Inventory and hash only; not an assertion of full manual file review,88be513fa5be09fbff51eb7bf0afb44f15dfaf327a7444045013360db27ab878
src/types/nutrition.ts,SOURCE_INVENTORY,UNVERIFIED,Inventory and hash only; not an assertion of full manual file review,1a3c250485e226da14cf41ed913dd268c9e8607b0f3a7ad2c8d9f828428cc6f8
src/utils/date.ts,SOURCE_INVENTORY,UNVERIFIED,Inventory and hash only; not an assertion of full manual file review,d64f9a4389ecab53b54e7459a13a550fa1ea3e7dffeab9cec367f9bdf1a942d5
src/utils/decimalInput.ts,SOURCE_INVENTORY,UNVERIFIED,Inventory and hash only; not an assertion of full manual file review,ade4e414549e69577ab148e5d3e767a044063edb79b7541d9ec5a67bf60e8cab
src/utils/format.ts,SOURCE_INVENTORY,UNVERIFIED,Inventory and hash only; not an assertion of full manual file review,de5159068819b04a6b31a42fe3b7ecf083e2edb169390756633c8cdf2975179b
src/utils/ingredientCorrection.ts,SOURCE_INVENTORY,UNVERIFIED,Inventory and hash only; not an assertion of full manual file review,d6d3d9c84a51bda778caf5ef171472cd746ca5cdb5e7b021ccee83bdb024d1b9
src/utils/mealDraftGuard.ts,SOURCE_INVENTORY,UNVERIFIED,Inventory and hash only; not an assertion of full manual file review,0285f0aa5523b2b3dade494d7cbd4fe0052f07a02ebe391f6c4d4d485f19e529
src/utils/portions.ts,SOURCE_INVENTORY,UNVERIFIED,Inventory and hash only; not an assertion of full manual file review,74fa6ccbe2636f787d6234dba5466fb1b1d5de61e9d5f04e51fee817112de6f2
src/utils/requestId.ts,SOURCE_INVENTORY,UNVERIFIED,Inventory and hash only; not an assertion of full manual file review,64e1ebb624c7fdba280fa08865baae501865d8fc09e595fdca469cf6478cc318
src/utils/units.ts,SOURCE_INVENTORY,UNVERIFIED,Inventory and hash only; not an assertion of full manual file review,70bf913cc615fce13600ffece4716e6768aae63a54b2febd82e20bd4bc886a80
supabase/functions/_shared/bls-names.mjs,SOURCE_INVENTORY,UNVERIFIED,Inventory and hash only; not an assertion of full manual file review,3faf0af75c07230545d61cf9ec0642a5225f726f395276ffb1eb83db1a2276f6
supabase/functions/_shared/bls-reference.mjs,SOURCE_INVENTORY,UNVERIFIED,Inventory and hash only; not an assertion of full manual file review,b07f8bb7dc4250f98b86319ab0fe464269bce923517079f01c3be6d6b0988c64
supabase/functions/_shared/bls-search-data.mjs,SOURCE_INVENTORY,UNVERIFIED,Inventory and hash only; not an assertion of full manual file review,f9687ea0cd2141b8417e5a5ed0942d8b2741a03698806a8e16996f371406f1db
supabase/functions/_shared/bls-search.mjs,SOURCE_INVENTORY,UNVERIFIED,Inventory and hash only; not an assertion of full manual file review,c6c00c5722e06cf2c0f743ec6b8ba229cd04de465eb3bb54dbae05ebe8c51302
supabase/functions/_shared/detection.mjs,SOURCE_INVENTORY,UNVERIFIED,Inventory and hash only; not an assertion of full manual file review,382aae65ac063f6b9a2819e030ff2e58d8c26c8352860c87482c463b71460b95
supabase/functions/_shared/food-query.mjs,SOURCE_INVENTORY,UNVERIFIED,Inventory and hash only; not an assertion of full manual file review,828e74757c4e04e4d01b56d76ac7f26e3c6f4d736be45ef4919e332ec6121204
supabase/functions/_shared/german-food-terms.mjs,SOURCE_INVENTORY,UNVERIFIED,Inventory and hash only; not an assertion of full manual file review,90a31ddb04c2955b6c98db94915cd9ed328c88c0610769d41694bdb0bfb23bb8
supabase/functions/_shared/nutrition.mjs,SOURCE_INVENTORY,UNVERIFIED,Inventory and hash only; not an assertion of full manual file review,ba9dbc61cfd33463386a67d73fbf8f8d5b503783f32a8b9b34a817ed29466a91
supabase/functions/_shared/revenuecat.mjs,SOURCE_INVENTORY,UNVERIFIED,Inventory and hash only; not an assertion of full manual file review,29ba296ac4688f91add9fca212b9ef74529fa202789c1785ecbae24de05ccea8
supabase/functions/delete-account/index.ts,SOURCE_INVENTORY,UNVERIFIED,Inventory and hash only; not an assertion of full manual file review,cb1ee0e74418c97433c2e733194633b08dea54f8df919c3fee3e93ffaaccb2dd
supabase/functions/guardian-consent/index.ts,SOURCE_INVENTORY,UNVERIFIED,Inventory and hash only; not an assertion of full manual file review,bf5076d64927b6f05ffcbc7a0fb9e770a8f8799a7bc72e5222a171a02808545b
supabase/functions/nutrition/index.ts,SOURCE_INVENTORY,UNVERIFIED,Inventory and hash only; not an assertion of full manual file review,caf45e4548a3d9f89bdbe6e0466b64f977d298c65de958b94f2af5b887d6b4ea
supabase/functions/revenuecat-webhook/index.ts,SOURCE_INVENTORY,UNVERIFIED,Inventory and hash only; not an assertion of full manual file review,2713acd52a36d8877e6887e6ca14b47f4f4f54b111930eab19a89da7314da63e
supabase/functions/waitlist/index.ts,SOURCE_INVENTORY,UNVERIFIED,Inventory and hash only; not an assertion of full manual file review,c5986afb4956d9fabdf44e1bad439d50687ada7c72ed0b08de9eb178a015688a
supabase/migrations/20260831111459_day3_core_schema.sql,SOURCE_INVENTORY,UNVERIFIED,Inventory and hash only; not an assertion of full manual file review,bba56dc945977cf61071d5d174a50d93a025d3b7635a798146d2aff64f84fbdd
supabase/migrations/20260831191324_add_privacy_consent.sql,SOURCE_INVENTORY,UNVERIFIED,Inventory and hash only; not an assertion of full manual file review,d3f94377a9291d53eda2927c8c61b1c0b16981b96e81205823652409f5cdd7b6
supabase/migrations/20260901090000_rename_catalog_provider_to_kandro.sql,SOURCE_INVENTORY,UNVERIFIED,Inventory and hash only; not an assertion of full manual file review,aaf3a96431501e9656298926d0eef33c7d22aabf6b69fd1555ac223f6adf840b
supabase/migrations/20260901120000_add_analysis_quota.sql,SOURCE_INVENTORY,UNVERIFIED,Inventory and hash only; not an assertion of full manual file review,f96e387ef02f5a2f0708d6a78a80a3584482eae3703ce142cc2de143dddea107
supabase/migrations/20260901140000_add_usda_food_cache.sql,SOURCE_INVENTORY,UNVERIFIED,Inventory and hash only; not an assertion of full manual file review,8d60e105c0bf216ef5736e08edc53d2f570c56fbbd1a24402488bbcf51645722
supabase/migrations/20260901150000_harden_nutrition_accuracy.sql,SOURCE_INVENTORY,UNVERIFIED,Inventory and hash only; not an assertion of full manual file review,d26d1fd23c5eece3804413ead19bfa4f8597cab7e725e32665bc3aeb87c20481
supabase/migrations/20260901160000_allow_planned_meals.sql,SOURCE_INVENTORY,UNVERIFIED,Inventory and hash only; not an assertion of full manual file review,82446e6cfbff34901f003d4dfffd9cebd6de47f3fa33b4b6404c13ca89f0c505
supabase/migrations/20260902120000_purge_placeholder_cache_terms.sql,SOURCE_INVENTORY,UNVERIFIED,Inventory and hash only; not an assertion of full manual file review,599ace82d8d84292f429fb59dc4e359be1d01688d502e65f6bed8b0acc604f43
supabase/migrations/20260902140000_add_unit_system.sql,SOURCE_INVENTORY,UNVERIFIED,Inventory and hash only; not an assertion of full manual file review,66ea87ed1cb9f0939565c446630ea94c635529795192ae7067891d4ba1d761a1
supabase/migrations/20260902170000_restrict_profiles_to_adults.sql,SOURCE_INVENTORY,UNVERIFIED,Inventory and hash only; not an assertion of full manual file review,53bcd2598df2513c2036ed1c67b93421ecca02d4aa39c12b0ed782be06f857f9
supabase/migrations/20260903120000_add_biological_sex.sql,SOURCE_INVENTORY,UNVERIFIED,Inventory and hash only; not an assertion of full manual file review,475d6cf2b86d0f255509306bde5ded1666bd65892222dccbb0c0c594ba9e8906
supabase/migrations/20260903210000_add_waitlist.sql,SOURCE_INVENTORY,UNVERIFIED,Inventory and hash only; not an assertion of full manual file review,d0cb2d63c6bd81db3d3c9199b1a4a910e65dbd02c553ca880c6f1b46c3dec3d3
supabase/migrations/20260903214735_fix_waitlist_email_conflict.sql,SOURCE_INVENTORY,UNVERIFIED,Inventory and hash only; not an assertion of full manual file review,caa17f05ad8f1b3826ccd65e539085780b377d079d47adfcb8c119337a05c0c1
supabase/migrations/20260904120000_allow_teen_profiles_with_guardian_consent.sql,SOURCE_INVENTORY,UNVERIFIED,Inventory and hash only; not an assertion of full manual file review,e45df414b91a198e2780f8be2b5371251e34c158137a1b274f1e040eda88b74e
supabase/migrations/20260904184701_add_waitlist_retention.sql,SOURCE_INVENTORY,UNVERIFIED,Inventory and hash only; not an assertion of full manual file review,c6a3a252267b50c8cb2fc9e3f5c96d1309630ef4ea75c987f2b504fd1d934ab3
supabase/migrations/20260904185227_server_authoritative_analysis_access.sql,SOURCE_INVENTORY,UNVERIFIED,Inventory and hash only; not an assertion of full manual file review,b573f9fc79219fff939c742e4efab249726b511183eda206cf89dd45dec1f26b
supabase/migrations/20260904212500_rate_limit_nutrition_providers.sql,SOURCE_INVENTORY,UNVERIFIED,Inventory and hash only; not an assertion of full manual file review,572866e98ebc3fb66e20300dd8d0e1437292aa986af12f07207e5d55f1f24aa7
supabase/migrations/20260905000500_fix_runtime_sql_expressions.sql,SOURCE_INVENTORY,UNVERIFIED,Inventory and hash only; not an assertion of full manual file review,287456895e387c6dd16dcfa26c81fb1377ba001ef86b1ef5942e60be2a827346
supabase/migrations/20260905002000_clean_plpgsql_warnings.sql,SOURCE_INVENTORY,UNVERIFIED,Inventory and hash only; not an assertion of full manual file review,1d8035b104fc121e0de18f9d379303e159c2117ef00159b126f2deeb901a767a
supabase/migrations/20260905141007_preserve_decimal_meal_grams.sql,SOURCE_INVENTORY,UNVERIFIED,Inventory and hash only; not an assertion of full manual file review,75725c5384624e429dd1c2f476f486087ffbffa04379ab0052f8ac41ab141db2
