module_or_check,files_or_screens,status,evidence_level,evidence,limits
scripts/build-site-legal.mjs,site/en/;src/i18n/legal.,PASS,STATIC/UNIT,EVIDENCE/verify.log,Only assertions implemented by this validator; no inference of exhaustive UI/live coverage
scripts/validate-accessibility.mjs,src/app;src/components,PASS,STATIC/UNIT,EVIDENCE/verify.log,Only assertions implemented by this validator; no inference of exhaustive UI/live coverage
scripts/validate-analysis-allowance.mjs,src/app/paywall.tsx;src/context/AppContext.tsx;src/i18n/de.ts;src/i18n/en.ts;src/services/cloudRepository.ts;src/services/localRepository.ts;src/services/syncRepository.ts,PASS,STATIC/UNIT,EVIDENCE/verify.log,Only assertions implemented by this validator; no inference of exhaustive UI/live coverage
scripts/validate-analysis-language.mjs,server/index.mjs;src/app/analyzing.tsx;src/app/confirm.tsx;src/context/AppContext.tsx;src/i18n/;src/services/mealAnalysis.ts;src/services/mockNutrition.ts;supabase/functions/_shared/detection.mjs;supabase/functions/_shared/nutrition.mjs;supabase/functions/nutrition/index.ts,PASS,STATIC/UNIT,EVIDENCE/verify.log,Only assertions implemented by this validator; no inference of exhaustive UI/live coverage
scripts/validate-app-store-screenshots.mjs,,PASS,STATIC/UNIT,EVIDENCE/verify.log,Only assertions implemented by this validator; no inference of exhaustive UI/live coverage
scripts/validate-barcode.mjs,src/app/(tabs)/scan.tsx;src/app/analyzing.tsx;src/services/contracts.ts;src/services/mealAnalysis.ts;supabase/functions/nutrition/index.ts,PASS,STATIC/UNIT,EVIDENCE/verify.log,Only assertions implemented by this validator; no inference of exhaustive UI/live coverage
scripts/validate-bls-search.mjs,server/index.mjs;supabase/functions/_shared/bls-search-data.mjs;supabase/functions/_shared/bls-search.mjs;supabase/functions/nutrition/index.ts,PASS,STATIC/UNIT,EVIDENCE/verify.log,Only assertions implemented by this validator; no inference of exhaustive UI/live coverage
scripts/validate-build8-fixes.mjs,src/app/(tabs)/scan.tsx;src/app/confirm.tsx;src/app/result.tsx;src/components/PortionSheet.tsx;src/constants/theme.ts;src/context/AppContext.tsx;src/context/ThemeContext.tsx;src/utils/ingredientCorrection.ts;src/utils/portions.ts;supabase/functions/_shared/bls-search.mjs;supabase/functions/_shared/nutrition.mjs,PASS,STATIC/UNIT,EVIDENCE/verify.log,Only assertions implemented by this validator; no inference of exhaustive UI/live coverage
scripts/validate-camera.mjs,src/app/(tabs)/scan.tsx;src/app/confirm.tsx;src/app/result.tsx,PASS,STATIC/UNIT,EVIDENCE/verify.log,Only assertions implemented by this validator; no inference of exhaustive UI/live coverage
scripts/validate-catalog.mjs,src/data/,PASS,STATIC/UNIT,EVIDENCE/verify.log,Only assertions implemented by this validator; no inference of exhaustive UI/live coverage
scripts/validate-consent-recovery.mjs,src/app/(tabs)/scan.tsx;src/context/AppContext.tsx;src/services/consent.ts;src/services/contracts.ts;src/services/mealAnalysis.ts,PASS,STATIC/UNIT,EVIDENCE/verify.log,Only assertions implemented by this validator; no inference of exhaustive UI/live coverage
scripts/validate-daily-loop.mjs,src/app/(tabs)/plan.tsx;src/app/(tabs)/progress.tsx;src/app/(tabs)/today.tsx;src/app/analyzing.tsx;src/app/result.tsx;src/components/CalorieRing.tsx;src/components/MealDetailSheet.tsx;src/components/ui.tsx;src/context/AppContext.tsx;src/i18n/de.ts;src/i18n/en.ts;src/services/cloudRepository.ts;src/services/consistency.ts;src/services/localRepository.ts;src/services/personalization.ts;src/services/reminders.ts;src/services/repeatMeals.ts;src/services/syncRepository.ts;supabase/migrations/20260901160000_allow_planned_meals.sql,PASS,STATIC/UNIT,EVIDENCE/verify.log,Only assertions implemented by this validator; no inference of exhaustive UI/live coverage
scripts/validate-day-complete.mjs,src/app/(tabs)/plan.tsx;src/app/(tabs)/progress.tsx;src/app/(tabs)/today.tsx;src/context/AppContext.tsx;src/hooks/useLocalDay.ts;src/i18n/de.ts;src/i18n/en.ts,PASS,STATIC/UNIT,EVIDENCE/verify.log,Only assertions implemented by this validator; no inference of exhaustive UI/live coverage
scripts/validate-eas-env.mjs,,PASS,STATIC/UNIT,EVIDENCE/verify.log,Only assertions implemented by this validator; no inference of exhaustive UI/live coverage
scripts/validate-entitlements.mjs,src/context/AppContext.tsx;src/context/SubscriptionContext.tsx;src/i18n/de.ts;src/i18n/en.ts;src/services/entitlementConfirmation.ts;src/services/localRepository.ts;src/services/mealAnalysis.ts;src/services/serverEntitlement.ts;supabase/.env.gateway.example;supabase/config.toml;supabase/functions/_shared/revenuecat.mjs;supabase/functions/nutrition/index.ts;supabase/functions/revenuecat-webhook/index.ts;supabase/migrations/20260904185227_server_authoritative_analysis_access.sql,PASS,STATIC/UNIT,EVIDENCE/verify.log,Only assertions implemented by this validator; no inference of exhaustive UI/live coverage
scripts/validate-food-query.mjs,server/core.mjs;server/index.mjs;supabase/functions/_shared/bls-reference.mjs;supabase/functions/_shared/bls-search-data.mjs;supabase/functions/_shared/food-query.mjs;supabase/functions/nutrition/index.ts,PASS,STATIC/UNIT,EVIDENCE/verify.log,Only assertions implemented by this validator; no inference of exhaustive UI/live coverage
scripts/validate-formatting.mjs,src/app/(tabs)/plan.tsx;src/app/(tabs)/progress.tsx;src/app/(tabs)/today.tsx;src/app/evening.tsx;src/components/ui.tsx;src/context/AppContext.tsx;src/services/cloudRepository.ts;src/services/mockNutrition.ts;src/utils/format.ts;src/utils/units.ts,PASS,STATIC/UNIT,EVIDENCE/verify.log,Only assertions implemented by this validator; no inference of exhaustive UI/live coverage
scripts/validate-german-meals.mjs,server/core.mjs;src/data/germanMealEvaluation.mjs,PASS,STATIC/UNIT,EVIDENCE/verify.log,Only assertions implemented by this validator; no inference of exhaustive UI/live coverage
scripts/validate-german-search.mjs,supabase/functions/_shared/german-food-terms.mjs;supabase/functions/nutrition/index.ts,PASS,STATIC/UNIT,EVIDENCE/verify.log,Only assertions implemented by this validator; no inference of exhaustive UI/live coverage
scripts/validate-i18n.mjs,src/app;src/components;src/constants;src/context;src/i18n/de.ts;src/i18n/en.ts;src/i18n/legal.en.ts;src/services;src/services/consistency.ts;src/utils,PASS,STATIC/UNIT,EVIDENCE/verify.log,Only assertions implemented by this validator; no inference of exhaustive UI/live coverage
scripts/validate-ingredient-correction.mjs,server/core.mjs;server/index.mjs;src/app/confirm.tsx;src/app/correct-food.tsx;src/components/AppRouteGuard.tsx;src/context/AppContext.tsx;src/services/mealAnalysis.ts;src/services/mockNutrition.ts;src/utils/ingredientCorrection.ts;supabase/functions/_shared/bls-reference.mjs;supabase/functions/_shared/food-query.mjs;supabase/functions/nutrition/index.ts,PASS,STATIC/UNIT,EVIDENCE/verify.log,Only assertions implemented by this validator; no inference of exhaustive UI/live coverage
scripts/validate-language-memos.mjs,src/app;src/services,PASS,STATIC/UNIT,EVIDENCE/verify.log,Only assertions implemented by this validator; no inference of exhaustive UI/live coverage
scripts/validate-language-routing.mjs,site/en/index.html;site/index.html,PASS,STATIC/UNIT,EVIDENCE/verify.log,Only assertions implemented by this validator; no inference of exhaustive UI/live coverage
scripts/validate-meal-cases.mjs,server/core.mjs,PASS,STATIC/UNIT,EVIDENCE/verify.log,Only assertions implemented by this validator; no inference of exhaustive UI/live coverage
scripts/validate-meal-slots.mjs,src/app/(tabs)/today.tsx;src/context/AppContext.tsx;src/i18n/de.ts;src/i18n/en.ts,PASS,STATIC/UNIT,EVIDENCE/verify.log,Only assertions implemented by this validator; no inference of exhaustive UI/live coverage
scripts/validate-offline-copy.mjs,src/app/analyzing.tsx;src/context/AppContext.tsx;src/i18n/de.ts;src/i18n/en.ts,PASS,STATIC/UNIT,EVIDENCE/verify.log,Only assertions implemented by this validator; no inference of exhaustive UI/live coverage
scripts/validate-plan-builder.mjs,src/app/onboarding.tsx;src/components/PlanBuilder.tsx,PASS,STATIC/UNIT,EVIDENCE/verify.log,Only assertions implemented by this validator; no inference of exhaustive UI/live coverage
scripts/validate-plan-editing.mjs,src/app/(tabs)/profile.tsx;src/app/onboarding.tsx;src/context/AppContext.tsx,PASS,STATIC/UNIT,EVIDENCE/verify.log,Only assertions implemented by this validator; no inference of exhaustive UI/live coverage
scripts/validate-portions.mjs,src/app/(tabs)/scan.tsx;src/app/confirm.tsx;src/services/mealAnalysis.ts;src/utils/portions.ts;supabase/functions/_shared/nutrition.mjs;supabase/functions/nutrition/index.ts,PASS,STATIC/UNIT,EVIDENCE/verify.log,Only assertions implemented by this validator; no inference of exhaustive UI/live coverage
scripts/validate-preferences.mjs,src/data/;src/services/recommendations.ts,PASS,STATIC/UNIT,EVIDENCE/verify.log,Only assertions implemented by this validator; no inference of exhaustive UI/live coverage
scripts/validate-privacy-consent.mjs,server/core.mjs;server/index.mjs;site/en/guardian-consent/index.html;site/guardian-consent.js;site/guardian-consent/index.html;src/app/(tabs)/profile.tsx;src/app/analyzing.tsx;src/app/data-consent.tsx;src/app/onboarding.tsx;src/components/AccountLinkCard.tsx;src/components/AppRouteGuard.tsx;src/components/ReminderScheduler.tsx;src/context/AppContext.tsx;src/context/SubscriptionContext.tsx;src/i18n/de.ts;src/i18n/en.ts;src/i18n/legal.de.ts;src/i18n/legal.en.ts;src/services/consent.ts;src/services/guardianConsent.ts;src/services/localRepository.ts;src/services/mealAnalysis.ts;src/services/personalization.ts;src/services/syncRepository.ts;src/services/telemetry.ts;supabase/config.toml;supabase/functions/guardian-consent/index.ts;supabase/functions/nutrition/index.ts;supabase/migrations/20260904120000_allow_teen_profiles_with_guardian_consent.sql;supabase/migrations/20260904184701_add_waitlist_retention.sql,PASS,STATIC/UNIT,EVIDENCE/verify.log,Only assertions implemented by this validator; no inference of exhaustive UI/live coverage
scripts/validate-product-flow.mjs,server/index.mjs;src/app/(tabs)/plan.tsx;src/app/(tabs)/progress.tsx;src/app/(tabs)/scan.tsx;src/app/index.tsx;src/app/onboarding.tsx;src/app/result.tsx;src/components/AppRouteGuard.tsx;src/context/AppContext.tsx;src/services/localRepository.ts;src/services/recommendations.ts,PASS,STATIC/UNIT,EVIDENCE/verify.log,Only assertions implemented by this validator; no inference of exhaustive UI/live coverage
scripts/validate-provider-rate-limits.mjs,supabase/.env.gateway.example;supabase/functions/_shared/revenuecat.mjs;supabase/functions/nutrition/index.ts;supabase/functions/revenuecat-webhook/index.ts;supabase/migrations/20260904212500_rate_limit_nutrition_providers.sql,PASS,STATIC/UNIT,EVIDENCE/verify.log,Only assertions implemented by this validator; no inference of exhaustive UI/live coverage
scripts/validate-recipes.mjs,src/data/,PASS,STATIC/UNIT,EVIDENCE/verify.log,Only assertions implemented by this validator; no inference of exhaustive UI/live coverage
scripts/validate-result-reveal.mjs,src/app/result.tsx;src/services/mockNutrition.ts,PASS,STATIC/UNIT,EVIDENCE/verify.log,Only assertions implemented by this validator; no inference of exhaustive UI/live coverage
scripts/validate-review-regressions.mjs,server/core.mjs;server/index.mjs;src/context/AppContext.tsx;src/services/mealAnalysis.ts;src/services/syncRepository.ts;src/utils/units.ts;supabase/functions/nutrition/index.ts,PASS,STATIC/UNIT,EVIDENCE/verify.log,Only assertions implemented by this validator; no inference of exhaustive UI/live coverage
scripts/validate-search-coverage.mjs,supabase/functions/_shared/bls-search.mjs;supabase/functions/nutrition/index.ts,PASS,STATIC/UNIT,EVIDENCE/verify.log,Only assertions implemented by this validator; no inference of exhaustive UI/live coverage
scripts/validate-search.mjs,src/app/(tabs)/scan.tsx;src/app/confirm.tsx;src/context/AppContext.tsx;src/i18n/de.ts;src/i18n/en.ts;src/services/mealAnalysis.ts;supabase/functions/_shared/bls-reference.mjs;supabase/functions/nutrition/index.ts,PASS,STATIC/UNIT,EVIDENCE/verify.log,Only assertions implemented by this validator; no inference of exhaustive UI/live coverage
scripts/validate-site-images.mjs,site/en/index.html;site/index.html,PASS,STATIC/UNIT,EVIDENCE/verify.log,Only assertions implemented by this validator; no inference of exhaustive UI/live coverage
scripts/validate-site.mjs,site/en/;site/en/sources/index.html;site/impressum/index.html;site/sources/index.html;site/styles.css,PASS,STATIC/UNIT,EVIDENCE/verify.log,Only assertions implemented by this validator; no inference of exhaustive UI/live coverage
scripts/validate-state-integrity.mjs,src/app/(tabs)/plan.tsx;src/app/(tabs)/progress.tsx;src/app/(tabs)/scan.tsx;src/app/account-deletion.tsx;src/app/onboarding.tsx;src/components/AppRouteGuard.tsx;src/context/AppContext.tsx;src/services/cloudRepository.ts;src/services/consent.ts;src/services/consistency.ts;src/services/localRepository.ts;src/utils/mealDraftGuard.ts;supabase/config.toml;supabase/templates/email_change.html,PASS,STATIC/UNIT,EVIDENCE/verify.log,Only assertions implemented by this validator; no inference of exhaustive UI/live coverage
scripts/validate-stepper.mjs,src/app/confirm.tsx;src/app/onboarding.tsx;src/app/result.tsx;src/components/MealDetailSheet.tsx;src/utils/decimalInput.ts;src/utils/units.ts,PASS,STATIC/UNIT,EVIDENCE/verify.log,Only assertions implemented by this validator; no inference of exhaustive UI/live coverage
scripts/validate-store-listing.mjs,,PASS,STATIC/UNIT,EVIDENCE/verify.log,Only assertions implemented by this validator; no inference of exhaustive UI/live coverage
scripts/validate-subscription.mjs,src/app/(tabs)/scan.tsx;src/app/paywall.tsx;src/app/result.tsx;src/context/AppContext.tsx;src/context/SubscriptionContext.tsx;src/i18n/de.ts;src/i18n/en.ts;src/services/accountDeletion.ts;src/services/localRepository.ts;src/services/subscription.ts,PASS,STATIC/UNIT,EVIDENCE/verify.log,Only assertions implemented by this validator; no inference of exhaustive UI/live coverage
scripts/validate-supabase.mjs,src/i18n/legal.de.ts;src/i18n/legal.en.ts;src/services/accountLinking.ts;src/services/mealAnalysis.ts;supabase/config.toml;supabase/functions/delete-account/index.ts;supabase/functions/nutrition/index.ts;supabase/migrations/20260831111459_day3_core_schema.sql;supabase/migrations/20260901120000_add_analysis_quota.sql;supabase/migrations/20260901140000_add_usda_food_cache.sql;supabase/migrations/20260901150000_harden_nutrition_accuracy.sql;supabase/migrations/20260904185227_server_authoritative_analysis_access.sql;supabase/migrations/20260904212500_rate_limit_nutrition_providers.sql;supabase/migrations/20260905000500_fix_runtime_sql_expressions.sql;supabase/migrations/20260905002000_clean_plpgsql_warnings.sql;supabase/migrations/20260905141007_preserve_decimal_meal_grams.sql;supabase/templates/email_change.html,PASS,STATIC/UNIT,EVIDENCE/verify.log,Only assertions implemented by this validator; no inference of exhaustive UI/live coverage
scripts/validate-targets.mjs,src/services/personalization.ts,PASS,STATIC/UNIT,EVIDENCE/verify.log,Only assertions implemented by this validator; no inference of exhaustive UI/live coverage
scripts/validate-touch-and-timers.mjs,,PASS,STATIC/UNIT,EVIDENCE/verify.log,Only assertions implemented by this validator; no inference of exhaustive UI/live coverage
scripts/validate-units.mjs,src/app/(tabs)/profile.tsx;src/app/(tabs)/progress.tsx;src/app/(tabs)/today.tsx;src/app/confirm.tsx;src/app/onboarding.tsx;src/components/MealDetailSheet.tsx;src/context/AppContext.tsx;src/services/cloudRepository.ts;src/services/personalization.ts;src/utils/units.ts;supabase/migrations/20260902140000_add_unit_system.sql,PASS,STATIC/UNIT,EVIDENCE/verify.log,Only assertions implemented by this validator; no inference of exhaustive UI/live coverage
scripts/validate-usda-cache.mjs,server/core.mjs;server/index.mjs;supabase/functions/_shared/bls-reference.mjs;supabase/functions/nutrition/index.ts,PASS,STATIC/UNIT,EVIDENCE/verify.log,Only assertions implemented by this validator; no inference of exhaustive UI/live coverage
scripts/validate-usda-matching.mjs,server/core.mjs,PASS,STATIC/UNIT,EVIDENCE/verify.log,Only assertions implemented by this validator; no inference of exhaustive UI/live coverage
scripts/validate-waitlist.mjs,site/README.md;site/community.js;site/en/index.html;site/en/unsubscribe/index.html;site/index.html;site/styles.css;site/unsubscribe.js;site/unsubscribe/index.html;site/waitlist.js;src/i18n/legal.de.ts;src/i18n/legal.en.ts;supabase/config.toml;supabase/functions/waitlist/index.ts;supabase/migrations/20260903210000_add_waitlist.sql;supabase/migrations/20260904184701_add_waitlist_retention.sql,PASS,STATIC/UNIT,EVIDENCE/verify.log,Only assertions implemented by this validator; no inference of exhaustive UI/live coverage
International resolver/decimal/date,src/i18n/index.ts;src/utils/decimalInput.ts;src/utils/date.ts,FIXED_VERIFIED,UNIT,EVIDENCE/international-after.log,12 locale cases;42 dates/7 zones; stored override; decimal cases
Network deadline and localization,src/services/mealAnalysis.ts,FIXED_VERIFIED,UNIT,EVIDENCE/network-after.log,Headers/body/session timeouts with controlled timers; physical radio interruption not tested
JPEG route,supabase/functions/_shared/nutrition.mjs;supabase/functions/nutrition/index.ts,FIXED_VERIFIED,LIVE_BACKEND,EVIDENCE/live-jpeg-v51.json,10 invalid+oversize+1 valid; not full decoder
Live nutrition/search/privacy/auth,scripts/validate-final-live.mjs,PASS,LIVE_BACKEND,EVIDENCE/live-final.json,Fresh accounts;401/403;two-way profile RLS;DE/EN Milka;four searches;3 photos;cleanup
Local Today/Profile/Paywall,src/app/(tabs)/today.tsx;src/app/(tabs)/profile.tsx;src/app/paywall.tsx,PASS,SIMULATOR,EVIDENCE/native-simulator-observations.md,Debug only; scope limited to observed UI
Complete native purchase and lifecycle matrix,src/services/subscription.ts;src/context/SubscriptionContext.tsx,UNVERIFIED,OWNER_CONFIRMED/LIVE_BACKEND/SIMULATOR,EVIDENCE/owner-subscription-cancellation.md;EVIDENCE/restore-server-observation.json,"Owner confirmed active restore separately; monthly/annual purchases, expiry/refund and exact transaction identity remain open; simulator authentication HTTP 502"
Physical camera/permission/HEIC/rotation/background,src/app/(tabs)/scan.tsx;src/app/analyzing.tsx;src/app/confirm.tsx,UNVERIFIED,PHYSICAL_DEVICE,EVIDENCE/native-simulator-observations.md,Owner tests directly through TestFlight without USB; physical camera result pending
TestFlight runtime/crash/memory/iOS15,Build15,UNVERIFIED,PHYSICAL_DEVICE,RELEASE_IDENTITY.md,ASC confirms Build15 installed; owner restore flow passed; full stability/memory/iOS15/old crash diagnosis incomplete
Complete manual DE/EN screen coverage,src/app;src/components,UNVERIFIED,SIMULATOR,EVIDENCE/native-simulator-observations.md,Automated dictionaries/routing passed; not every screen visually tested
VoiceOver/XXL text/contrast/Reduce Motion,src/app;src/components,UNVERIFIED,PHYSICAL_DEVICE,EVIDENCE/verify.log,Static accessibility assertions only; no complete assistive-technology session
Weighed photo accuracy corpus,assets/meal-bowl.jpg,UNVERIFIED,LIVE_BACKEND,PHOTO_SCAN_RESULTS.csv,One stock image repeated; no known weights
Cross-device login/merge/restore with real mail,src/services/accountLinking.ts;src/services/syncRepository.ts,UNVERIFIED,PHYSICAL_DEVICE,EVIDENCE/verify.log,No full two-device mailbox flow
Guardian email confirmation and withdrawal,supabase/functions/guardian-consent/index.ts,UNVERIFIED,LIVE_BACKEND,EVIDENCE/live-final.json,Consent rejection checked; no real email sent
RC/PostHog completed downstream erasure,supabase/functions/delete-account/index.ts;src/services/telemetry.ts,UNVERIFIED,LIVE_BACKEND,PRIVACY_MATRIX.md,Supabase deletion passed; provider final retention not observed
Production website content identity,site,PASS,INTEGRATION,EVIDENCE/website-live.json,10 DE/EN pages byte equal; not full mobile visual audit
Waitlist email/double-opt-in/unsubscribe delivery,supabase/functions/waitlist/index.ts,UNVERIFIED,LIVE_BACKEND,EVIDENCE/verify.log,Static/unit checked; no new mail transmission
ASC metadata/labels/subscriptions/regions,App6808622187,PASS,APP_STORE_CONNECT,EVIDENCE/app-store-observations.md,Existence and visible configuration; not Apple approval
DSA completion,ASC business,UNVERIFIED,APP_STORE_CONNECT,EVIDENCE/app-store-observations.md,In Prüfung
Regional legal/child/health/transfer requirements,DE;US;UK;SG;BR;169 additional configured territories,UNVERIFIED,STATIC,SOURCE_REGISTER.md;PRIVACY_MATRIX.md,No worldwide legal sign-off
Android/Mac/Vision native runtime,app.json,NOT_APPLICABLE,STATIC,RELEASE_IDENTITY.md,Declared release scope iPhone; Mac and Vision availability off
Active restore after account deletion and recreation,Build15 paywall Restore,PASS,OWNER_CONFIRMED/LIVE_BACKEND,EVIDENCE/owner-subscription-cancellation.md;EVIDENCE/restore-server-observation.json,Owner-reported success; exactly one recent server account matches timing and active sandbox entitlement; exact identity not independently established; not complete lifecycle matrix
Owner photo correction save relaunch,Build15 scan/confirm/result/today,PASS,OWNER_CONFIRMED,EVIDENCE/owner-photo-relaunch.md,"One reported real-device sequence; no weighed accuracy reference, exact per-meal server correlation or long-run stability proof"
Paywall maximum Dynamic Type,src/app/paywall.tsx;src/components/ui.tsx,FIXED_VERIFIED,SIMULATOR/STATIC/UNIT,EVIDENCE/large-text/RESULT.md,DE/EN normal/max scale; AX-driven native reveal and screenshots; no physical swipe or VoiceOver claim; included in signed Build16 and uploaded
Food search portion save and relaunch,src/app/(tabs)/today.tsx;src/context/AppContext.tsx,PASS,SIMULATOR/LIVE_BACKEND,EVIDENCE/core-release/CORE_TESTS.md,Build16 source; Banana150g119kcal; no standalone raw-calorie-entry mode found
Next meal choices recipe and save,src/app/(tabs)/plan.tsx;src/context/AppContext.tsx,PASS,SIMULATOR,EVIDENCE/core-release/CORE_TESTS.md,Exactly3each context; risotto535;1364eaten1056remaining persisted on process relaunch
German barcode portion and save,src/context/AppContext.tsx;src/services/mealAnalysis.ts,PASS,SIMULATOR/LIVE_BACKEND,EVIDENCE/core-release/CORE_TESTS.md,MilkaLU30g154;1518eaten902remaining; decimal-dot and back-label P3 notes preserved
Build16 signed store package and upload,src/app/paywall.tsx;src/components/ui.tsx,PASS,ARTIFACT/EAS,EVIDENCE/core-release/build16-package.json,Version1.0.0(16);codesignstrict/deep;uploadsuccess;Appleprocessingcomplete;selected and submitted
App Review submission of four items,App Store Connect,PASS,AUTHENTICATED_UI,EVIDENCE/core-release/apple-review-submission.json,"App1.0.0(16),group,monthly,annual:WaitingforReview;manualpublication;notAppleapproval"
